cilk_workers,i$_miss_orig,i$_hit_orig,i$_miss_rate_orig,i$_miss_test,i$_hit_test,i$_miss_rate_test
1.0,690224.0,209811628.0,0.0032789450232485365,913055.0,231123807.0,0.00393495667942622
2.0,5521655.0,624536953.0,0.008763716470008136,5426613.0,637496946.0,0.008440525975499368
4.0,12068750.0,1317230097.0,0.009079034430246519,13152715.0,1365997693.0,0.009536824209821791
8.0,17990554.0,2464600020.0,0.007246685856465352,17648148.0,2744574328.0,0.006389111721933581
14.0,30208592.0,4327544212.0,0.0069321490590910535,26311712.0,4054141074.0,0.0064482334142611005
28.0,76230582.0,8107092071.0,0.009315358227022116,48822017.0,8186675028.0,0.005928241699709092
